,
"ID","Title","Status","Author","Collection","Last Modified"
"181116165439564","Service Impact Notification for SonicWall Hosted Email Security (HES)","Published","MVORST","Self Service, Support Agents","11/16/2018 05:51:57 PM"
"180925184029213","Discontinued Support for InfoBright MYSQL reporting database in GMS/Analyzer - Nov. 30, 2018","Published","MVORST","Self Service, Support Agents","11/13/2018 11:53:01 AM"
"170817152758401","Notice: Tech Scam Regarding Entities Posing as Authorized SonicWall Partners","Published","MVORST","Self Service, Support Agents","11/09/2018 10:08:21 AM"
"170608276964289","Last Day Order (LDO) notification for the SonicWall Universal Management Appliance UMA EM5000","Published","MVORST","Self Service, Support Agents","11/09/2018 10:07:50 AM"
"180906164200816","Hosted Email Security - Planned Maintenance Notification","Published","MVORST","Self Service, Support Agents","09/13/2018 03:15:16 PM"
"180910111711628","Notice: Legacy SonicWall GMS 8.1 & Earlier Affected by Gafgyt IoT Botnet","Published","MVORST","Self Service, Support Agents","09/13/2018 03:14:25 PM"
"180122212048526","Webinar: SonicWall Under the Hood - DPI-SSL Certificate Deployment Deep Dive","Published","MVORST","Self Service, Support Agents","08/30/2018 04:54:06 PM"
"180530142645711","SonicWall Statement on VPNFilter","Published","MVORST","Self Service, Support Agents","08/29/2018 11:25:44 AM"
"170518172723896","SonicWall Service Bulletin: GMS/Analyzer Vulnerability - April 2017","Published","MVORST","Self Service, Support Agents","08/29/2018 11:25:43 AM"
"170608523769695","SonicWall notice concerning OpenSSL defects including Man-in-the-Middle vulnerability (CVE-2014-0224)","Published","MVORST","Self Service, Support Agents","08/29/2018 11:25:43 AM"
"170608580398180","SonicWall Support Alert - SonicWall GMS Service Bulletin for Cross-Site Scripting Vulnerability 7.x","Published","MVORST","Self Service, Support Agents","08/29/2018 11:25:43 AM"
"170608805506070","Active Retirement Mode Announcement for SonicWall NSA E6500","Published","MVORST","Self Service, Support Agents","08/29/2018 11:25:43 AM"
"170608668806430","Last Day Order Announcement for UMA EM5500","Published","MVORST","Self Service, Support Agents","08/29/2018 11:25:43 AM"
"170608913995523","SonicWall - Active Retirement Mode Announcement for SonicWall TZ 105 Wired Model","Published","MVORST","Self Service, Support Agents","08/29/2018 11:25:43 AM"
"170608275508648","SonicWall - Last Day Order Announcement for SonicWall NSA 250M Wireless Model","Published","MVORST","Self Service, Support Agents","08/29/2018 11:25:43 AM"
"170608406660898","SonicWall Last Day Order Announcement for SonicWall SonicPoint-Ne Dual Band","Published","MVORST","Self Service, Support Agents","08/29/2018 11:25:43 AM"
"170608599613992","SonicWall - Active Retirement Mode for SonicWall TZ 215 Wired model","Published","MVORST","Self Service, Support Agents","08/29/2018 11:25:43 AM"
"170608298093180","SonicWall Notice Concerning Privilege Escalation Vulnerability in the Windows NetExtender client (CVE-2015-4173)","Published","MVORST","Self Service, Support Agents","08/29/2018 11:25:43 AM"
"170608485692618","SonicWall is initiating the End of Support for GMS 7.0 and 7.1","Published","MVORST","Self Service, Support Agents","08/29/2018 11:25:43 AM"
"170608368684712","SonicWall Notice Concerning FireStorm Vulnerability","Published","MVORST","Self Service, Support Agents","08/29/2018 11:25:43 AM"
"170608257990806","SonicWall Notice Concerning Potential Back Doors into SonicWall Firewalls","Published","MVORST","Self Service, Support Agents","08/29/2018 11:25:43 AM"
"170608301912103","SonicWall Notice Concerning CVE-2015-7547 Glibc Vulnerability","Published","MVORST","Self Service, Support Agents","08/29/2018 11:25:43 AM"
"170608301994291","SonicWall Support Product Bulletin - SonicOS 6.2.5","Published","MVORST","Self Service, Support Agents","08/29/2018 11:25:43 AM"
"170608459198446","SonicWall Release Notification - SMA 1000 Series 11.4 OS","Published","MVORST","Self Service, Support Agents","08/29/2018 11:25:43 AM"
"170608411295618","SonicWall Critical Product Notification - GMS and Analyzer mandatory hotfix","Published","MVORST","Self Service, Support Agents","08/29/2018 11:25:43 AM"
"170608433084900","SonicWall Active Retirement Mode - Announcement for SonicWall NSA 250M","Published","MVORST","Self Service, Support Agents","08/29/2018 11:25:43 AM"
"170608678312103","SonicWall Active Retirement Mode Announcement for SonicWall TZ 205 Wireless Japan Model","Published","MVORST","Self Service, Support Agents","08/29/2018 11:25:43 AM"
"170608876319259","SonicWall Active Retirement Mode Announcement for the SonicWall  SRA 1600, SRA 4600, SRA EX 6000 and SRA EX 7000","Published","MVORST","Self Service, Support Agents","08/29/2018 11:25:43 AM"
"170608342303540","High Severity Bug Alert - GMS 8.2 - DO NOT MODIFY ADDRESS OBJECTS","Published","MVORST","Self Service, Support Agents","08/29/2018 11:25:43 AM"
"170608272253743","Notification of Outage -  EMEA - 11/282016","Published","MVORST","Self Service, Support Agents","08/29/2018 11:25:43 AM"
"170608473522900","Notification of Outage -  North America - 3/8/2017","Published","MVORST","Self Service, Support Agents","08/29/2018 11:25:43 AM"
"170608606561009","SonicWall Service Bulletin: GMS/Analyzer Vulnerability - April 2017","Published","MVORST","Self Service, Support Agents","08/29/2018 11:25:43 AM"
"170608507129476","SonicWall Email Security Limited Retirement Mode Announcement","Published","MVORST","Self Service, Support Agents","08/29/2018 11:25:43 AM"
"170608603255133","SonicWall - Active Retirement Mode for SonicWall NSA 220 Series","Published","MVORST","Self Service, Support Agents","08/29/2018 11:25:43 AM"
"170608921339571","SonicWall - Active Retirement Mode Announcement for SonicWall NSA E8500","Published","MVORST","Self Service, Support Agents","08/29/2018 11:25:43 AM"
"170608382639915","SonicWall GMS/Analyzer/UMA Command Injection and Arbitrary XML Input Vulnerabilities - January 2016","Published","MVORST","Self Service, Support Agents","08/29/2018 11:25:43 AM"
"170608826800056","SonicWall Notice Concerning CVE-2015-7547 Glibc Vulnerability","Published","MVORST","Self Service, Support Agents","08/29/2018 11:25:43 AM"
"170608363867150","SonicWall Notice Concerning CVE-2015-7547 Glibc Vulnerability","Published","MVORST","Self Service, Support Agents","08/29/2018 11:25:43 AM"
"170608775672509","SonicWall Service Bulletin GMS Analyzer Vulnerability Fix - July 2016","Published","MVORST","Self Service, Support Agents","08/29/2018 11:25:43 AM"
"170608582840790","SonicWall Active Retirement Mode Announcement for SonicWall TZ 215 Wireless Model","Published","MVORST","Self Service, Support Agents","08/29/2018 11:25:43 AM"
"170608375767056","SonicWall Active Retirement Mode Announcement for SonicWall TZ 105 Wireless Japan Model","Published","MVORST","Self Service, Support Agents","08/29/2018 11:25:43 AM"
"170608903703212","SonicWall Active Retirement Mode Announcement for SonicWall TZ 215 Wireless Japan Model","Published","MVORST","Self Service, Support Agents","08/29/2018 11:25:43 AM"
"170608751651321","SonicWall Service Bulletin:  GMS/Analyzer Vulnerabilities - November 2016","Published","MVORST","Self Service, Support Agents","08/29/2018 11:25:43 AM"
"170608892448478","SonicWALL GMS & Analyzer - General Release Notification for GMS/Analyzer 8.1","Published","MVORST","Self Service, Support Agents","08/29/2018 11:25:43 AM"
"180209190422134","SonicAlert: Fake UPS Shipping Label Creator","Published","MVORST","Self Service, Support Agents","08/29/2018 11:25:43 AM"
"180209192018901","SonicAlert: desuCrypt variant named InsaneCrypt spotted in the wild (Feb. 9, 2018)","Published","MVORST","Self Service, Support Agents","08/29/2018 11:25:43 AM"
"171017023107293","WPA2 ???? (KRACK) ?SonicWall ??????????","Published","MVORST","Self Service, Support Agents","08/29/2018 11:25:43 AM"
"180104230802866","Meltdown and Spectre Vulnerabilities: A SonicWall Alert","Published","MVORST","Self Service, Support Agents","08/29/2018 11:25:43 AM"
"171204151340100","Archive of KCS Newsletters","Published","MVORST","Support Agents","05/17/2018 05:27:06 PM"
"180215180335373","SonicAlert: desuCrypt ???  ??????(InsaneCrypt) ???? ?? (Feb. 9, 2018)","Published","MVORST","Self Service, Support Agents","03/29/2018 12:22:27 PM"
"180214100553976","SonicAlert: InsaneCrypt?????desuCrypt????????????????????????2018/2/9?","Published","MVORST","Self Service, Support Agents","03/29/2018 12:22:11 PM"
"180314114429402","?????????? License Manager ?????????","Published","MVORST","Self Service, Support Agents","03/15/2018 11:48:14 AM"
"180209120244834","SMA WAF Signature Update Affecting ActiveSync Connections","Published","MVORST","Self Service, Support Agents","02/09/2018 07:35:20 PM"
"171025100959614","BadRabbit Ransomware: A SonicWall Alert","Published","MVORST","Self Service, Support Agents","10/27/2017 07:44:32 PM"
"171016141636960","WPA2 KRACK Exploit: A SonicWall Alert","Published","MVORST","Self Service, Support Agents","10/18/2017 06:48:30 PM"
"171018132328096","Upgrading iOS Devices to Mobile Connect 5.0 May Affect SMA 1000 and SMA 100 EPC Policies","Published","MVORST","Self Service, Support Agents","10/18/2017 06:48:10 PM"

