Current,REDIRECT,,,
https://www.sonicwall.com/en-us/solutions/industry/public-sector/federal,~/solutions/industry/national-security/federal/,,,
https://www.sonicwall.com/en-us/solutions/industry/public-sector/,~/solutions/industry/national-security/,,,
https://www.sonicwall.com/en-us/legal,~/legal/,,,
https://www.sonicwall.com/en-us/legal/export-control,~/legal/#tab-id-2,,,
https://www.sonicwall.com/en-us/legal/eupa,~/legal/#tab-id-3,,,
https://www.sonicwall.com/en-us/privacy,~/legal/#tab-id-4,,,
https://www.sonicwall.com/en-us/legal/section-508,~/privacy/#tab-id-5,,,
https://www.sonicwall.com/en-us/legal/trademark,~/privacy/#tab-id-6,,,
https://www.sonicwall.com/en-us/legal/copyright,~/privacy/#tab-id-7,,,
https://www.sonicwall.com/en-us/legal/patents,~/privacy/#tab-id-8,,,
https://www.sonicwall.com/en-us/legal/environmental-regulatory-affairs,~/privacy/#tab-id-9,,,
https://www.sonicwall.com/en-us/legal/professional-services-agreements,~/privacy/#tab-id-10,,,
https://www.sonicwall.com/en-us/legal/purchase-order-terms-and-conditions,~/privacy/#tab-id-11,,,
https://www.sonicwall.com/en-us/legal/third-party-licenses,~/privacy/#tab-id-12,,,
https://www.sonicwall.com/en-us/legal/sonicwall-and-gdpr,~/privacy/#tab-id-13,,,
https://www.sonicwall.com/en-us/legal/sub-processors,~/legal/#tab-id-14,,,
https://www.sonicwall.com/en-us/legal/eupa/service-terms,~/legal/service-terms/,,,
https://www.sonicwall.com/en-us/legal/eupa/agreement-for-sonicwall-nsv,~/legal/agreement-for-sonicwall-nsv/,,,